{
    "variants": {
        "facing=east,shape=straight":  { "model": "macawsroofsbyg:block/roof/white_mangrove_planks_roof" },
        "facing=west,shape=straight":  { "model": "macawsroofsbyg:block/roof/white_mangrove_planks_roof", "y": 180, "uvlock": true },
        "facing=south,shape=straight": { "model": "macawsroofsbyg:block/roof/white_mangrove_planks_roof", "y": 90, "uvlock": false },
        "facing=north,shape=straight": { "model": "macawsroofsbyg:block/roof/white_mangrove_planks_roof", "y": 270, "uvlock": false },
        
        "facing=east,shape=outer_right":  { "model": "macawsroofsbyg:block/roof/white_mangrove_planks_roof_outer" },
        "facing=west,shape=outer_right":  { "model": "macawsroofsbyg:block/roof/white_mangrove_planks_roof_outer", "y": 180, "uvlock": true },
        "facing=south,shape=outer_right": { "model": "macawsroofsbyg:block/roof/white_mangrove_planks_roof_outer", "y": 90, "uvlock": true },
        "facing=north,shape=outer_right": { "model": "macawsroofsbyg:block/roof/white_mangrove_planks_roof_outer", "y": 270, "uvlock": true },
        
        "facing=east,shape=outer_left":  { "model": "macawsroofsbyg:block/roof/white_mangrove_planks_roof_outer", "y": 270, "uvlock": true },
        "facing=west,shape=outer_left":  { "model": "macawsroofsbyg:block/roof/white_mangrove_planks_roof_outer", "y": 90, "uvlock": true },
        "facing=south,shape=outer_left": { "model": "macawsroofsbyg:block/roof/white_mangrove_planks_roof_outer" },
        "facing=north,shape=outer_left": { "model": "macawsroofsbyg:block/roof/white_mangrove_planks_roof_outer", "y": 180, "uvlock": true },
        
        "facing=east,shape=inner_right":  { "model": "macawsroofsbyg:block/roof/white_mangrove_planks_roof_inner", "uvlock": false },
        "facing=west,shape=inner_right":  { "model": "macawsroofsbyg:block/roof/white_mangrove_planks_roof_inner", "y": 180, "uvlock": false },
        "facing=south,shape=inner_right": { "model": "macawsroofsbyg:block/roof/white_mangrove_planks_roof_inner", "y": 90, "uvlock": true },
        "facing=north,shape=inner_right": { "model": "macawsroofsbyg:block/roof/white_mangrove_planks_roof_inner", "y": 270, "uvlock": false },
        
        "facing=east,shape=inner_left":  { "model": "macawsroofsbyg:block/roof/white_mangrove_planks_roof_inner", "y": 270, "uvlock": false },
        "facing=west,shape=inner_left":  { "model": "macawsroofsbyg:block/roof/white_mangrove_planks_roof_inner", "y": 90, "uvlock": false },
        "facing=south,shape=inner_left": { "model": "macawsroofsbyg:block/roof/white_mangrove_planks_roof_inner" },
        "facing=north,shape=inner_left": { "model": "macawsroofsbyg:block/roof/white_mangrove_planks_roof_inner", "y": 180, "uvlock": false }
    }
}