{
    "variants": {
        "facing=east,shape=straight,half=bottom":  { "model": "macawsroofsbop:block/steep/willow_planks_steep" },
        "facing=west,shape=straight,half=bottom":  { "model": "macawsroofsbop:block/steep/willow_planks_steep", "y": 180 },
        "facing=south,shape=straight,half=bottom": { "model": "macawsroofsbop:block/steep/willow_planks_steep", "y": 90 },
        "facing=north,shape=straight,half=bottom": { "model": "macawsroofsbop:block/steep/willow_planks_steep", "y": 270 },
        
        "facing=east,shape=outer_right,half=bottom":  { "model": "macawsroofsbop:block/steep/willow_planks_steep_outer", "y": 90 },
        "facing=west,shape=outer_right,half=bottom":  { "model": "macawsroofsbop:block/steep/willow_planks_steep_outer", "y": 270 },
        "facing=south,shape=outer_right,half=bottom": { "model": "macawsroofsbop:block/steep/willow_planks_steep_outer", "y": 180 },
        "facing=north,shape=outer_right,half=bottom": { "model": "macawsroofsbop:block/steep/willow_planks_steep_outer" },
        
        "facing=east,shape=outer_left,half=bottom":  { "model": "macawsroofsbop:block/steep/willow_planks_steep_outer" },
        "facing=west,shape=outer_left,half=bottom":  { "model": "macawsroofsbop:block/steep/willow_planks_steep_outer", "y": 180 },
        "facing=south,shape=outer_left,half=bottom": { "model": "macawsroofsbop:block/steep/willow_planks_steep_outer", "y": 90 },
        "facing=north,shape=outer_left,half=bottom": { "model": "macawsroofsbop:block/steep/willow_planks_steep_outer", "y": 270 },
        
        "facing=east,shape=inner_right,half=bottom":  { "model": "macawsroofsbop:block/steep/willow_planks_steep_inner" },
        "facing=west,shape=inner_right,half=bottom":  { "model": "macawsroofsbop:block/steep/willow_planks_steep_inner", "y": 180 },
        "facing=south,shape=inner_right,half=bottom": { "model": "macawsroofsbop:block/steep/willow_planks_steep_inner", "y": 90 },
        "facing=north,shape=inner_right,half=bottom": { "model": "macawsroofsbop:block/steep/willow_planks_steep_inner", "y": 270 },
        
        "facing=east,shape=inner_left,half=bottom":  { "model": "macawsroofsbop:block/steep/willow_planks_steep_inner", "y": 270 },
        "facing=west,shape=inner_left,half=bottom":  { "model": "macawsroofsbop:block/steep/willow_planks_steep_inner", "y": 90 },
        "facing=south,shape=inner_left,half=bottom": { "model": "macawsroofsbop:block/steep/willow_planks_steep_inner" },
        "facing=north,shape=inner_left,half=bottom": { "model": "macawsroofsbop:block/steep/willow_planks_steep_inner", "y": 180 },


        "facing=east,shape=straight,half=top":  { "model": "macawsroofsbop:block/steep/willow_planks_steep", "x": 180 },
        "facing=west,shape=straight,half=top":  { "model": "macawsroofsbop:block/steep/willow_planks_steep", "x": 180, "y": 180 },
        "facing=south,shape=straight,half=top": { "model": "macawsroofsbop:block/steep/willow_planks_steep", "x": 180, "y": 90 },
        "facing=north,shape=straight,half=top": { "model": "macawsroofsbop:block/steep/willow_planks_steep", "x": 180, "y": 270 },
        
        "facing=east,shape=outer_right,half=top":  { "model": "macawsroofsbop:block/steep/willow_planks_steep_outer", "x": 180, "y": 0 },
        "facing=west,shape=outer_right,half=top":  { "model": "macawsroofsbop:block/steep/willow_planks_steep_outer", "x": 180, "y": 180},
        "facing=south,shape=outer_right,half=top": { "model": "macawsroofsbop:block/steep/willow_planks_steep_outer", "x": 180, "y": 90 },
        "facing=north,shape=outer_right,half=top": { "model": "macawsroofsbop:block/steep/willow_planks_steep_outer", "x": 180, "y": 270 },
        
        "facing=east,shape=outer_left,half=top":  { "model": "macawsroofsbop:block/steep/willow_planks_steep_outer", "x": 180, "y": 270 },
        "facing=west,shape=outer_left,half=top":  { "model": "macawsroofsbop:block/steep/willow_planks_steep_outer", "x": 180, "y": 90 },
        "facing=south,shape=outer_left,half=top": { "model": "macawsroofsbop:block/steep/willow_planks_steep_outer", "x": 180, "y": 0 },
        "facing=north,shape=outer_left,half=top": { "model": "macawsroofsbop:block/steep/willow_planks_steep_outer", "x": 180, "y": 180 },
        
        "facing=east,shape=inner_right,half=top":  { "model": "macawsroofsbop:block/steep/willow_planks_steep_inner", "x": 180, "y": 90 },
        "facing=west,shape=inner_right,half=top":  { "model": "macawsroofsbop:block/steep/willow_planks_steep_inner", "x": 180, "y": 270 },
        "facing=south,shape=inner_right,half=top": { "model": "macawsroofsbop:block/steep/willow_planks_steep_inner", "x": 180, "y": 180 },
        "facing=north,shape=inner_right,half=top": { "model": "macawsroofsbop:block/steep/willow_planks_steep_inner", "x": 180, "y": 0 },
        
        "facing=east,shape=inner_left,half=top":  { "model": "macawsroofsbop:block/steep/willow_planks_steep_inner", "x": 180, "y": 0 },
        "facing=west,shape=inner_left,half=top":  { "model": "macawsroofsbop:block/steep/willow_planks_steep_inner", "x": 180, "y": 180 },
        "facing=south,shape=inner_left,half=top": { "model": "macawsroofsbop:block/steep/willow_planks_steep_inner", "x": 180, "y": 90 },
        "facing=north,shape=inner_left,half=top": { "model": "macawsroofsbop:block/steep/willow_planks_steep_inner", "x": 180, "y": 270 }
    }
}